insert into estado (id, nome) values (1, 'Roraima');
insert into estado (id, nome) values (2, 'Parana');
insert into estado (id, nome) values (3, 'São Paulo');
insert into cidade (nome, estado_id) values ('Boa Vista', 1);
insert into cidade (nome, estado_id) values ('Curitiba', 2);
insert into cidade (nome, estado_id) values ('São Paulo', 2);
insert into pessoa (nome, idade) values ('Tállyto', 26);
insert into pessoa (nome, idade) values ('David', 35);
insert into cozinha (id, nome) values (1, 'Tailandesa');
insert into cozinha (id, nome) values (2, 'Indiana');
insert into cozinha (id, nome) values (3, 'Brasileira');
insert into restaurante (id, nome, taxa_frete, cozinha_id) values (1,'Brabas', 9.0, 1);
insert into restaurante (id, nome, taxa_frete, cozinha_id)values (2,'Shinobis', 10.0, 2);
insert into restaurante (id, nome, taxa_frete, cozinha_id)values (3,'Chico do Carneiro', 0, 2);
insert into restaurante (id, nome, taxa_frete, cozinha_id)values (4,'Bobs', 0, 1);
insert into restaurante (id, nome, taxa_frete, cozinha_id, endereco_cidade_id,endereco_cep, endereco_logradouro, endereco_numero, endereco_complemento, endereco_bairro) values (5,'La Casa do Pastel', 0, 1,1, '00000000', 'Rua do Pastel', 1, 'Casa', 'Centro');
insert into forma_pagamento (id,descricao) values (1,'cartao');
insert into forma_pagamento (id,descricao) values (2,'dinheiro');
insert into forma_pagamento (id,descricao) values (3,'pix');
insert into permissao (nome, descricao) values ('admin', 'dono da porra toda');
insert into permissao (nome, descricao) values ('usuario', 'só pode visualizar');
insert into permissao (nome, descricao) values ('gerente', 'consegue alterar itens da sua loja');
insert into restaurante_forma_pagamento (restaurante_id, forma_pagamento_id) values (1, 1);
insert into restaurante_forma_pagamento (restaurante_id, forma_pagamento_id) values (1, 2);
insert into restaurante_forma_pagamento (restaurante_id, forma_pagamento_id) values (2, 1);
insert into restaurante_forma_pagamento (restaurante_id, forma_pagamento_id) values (2, 2);
insert into restaurante_forma_pagamento (restaurante_id, forma_pagamento_id) values (2, 3);
insert into restaurante_forma_pagamento (restaurante_id, forma_pagamento_id) values (3, 1);
insert into restaurante_forma_pagamento (restaurante_id, forma_pagamento_id) values (3, 2);
insert into restaurante_forma_pagamento (restaurante_id, forma_pagamento_id) values (4, 1);
